,GeneID,logfc_Native_CM_Ventricular,logfc_Native_CM_Atrial,logfc_Immature_CM,description
5,XIRP2,8.102087,5.8197083,-2.7698047,xin actin binding repeat containing 2 [Source:HGNC Symbol;Acc:HGNC:14303]
14,RSPO3,-6.83648,-3.3246946,1.8675162,R-spondin 3 [Source:HGNC Symbol;Acc:HGNC:20866]
16,FGF12,6.7481894,6.777963,-2.2017033,fibroblast growth factor 12 [Source:HGNC Symbol;Acc:HGNC:3668]
17,LIX1,-6.665036,-5.922209,1.9620322,limb and CNS expressed 1 [Source:HGNC Symbol;Acc:HGNC:18581]
19,VIM,-6.552272,-4.738718,2.237187,vimentin [Source:HGNC Symbol;Acc:HGNC:12692]
20,NCCRP1,-6.5155525,-5.6532025,2.2828424,"NCCRP1, F-box associated domain containing [Source:HGNC Symbol;Acc:HGNC:33739]"
21,HOXB3,-6.495088,-4.8839326,1.6500069,homeobox B3 [Source:HGNC Symbol;Acc:HGNC:5114]
22,TMEM88,-6.441574,-8.334836,2.8408194,transmembrane protein 88 [Source:HGNC Symbol;Acc:HGNC:32371]
23,PTN,-6.40023,-2.7302375,2.2256145,pleiotrophin [Source:HGNC Symbol;Acc:HGNC:9630]
24,CCDC80,-6.3959737,-6.176536,2.5068657,coiled-coil domain containing 80 [Source:HGNC Symbol;Acc:HGNC:30649]
25,NRP2,-6.345899,-5.494755,2.032711,neuropilin 2 [Source:HGNC Symbol;Acc:HGNC:8005]
26,KRT18,-6.3232474,-7.606675,2.0271592,keratin 18 [Source:HGNC Symbol;Acc:HGNC:6430]
28,IFITM2,-6.240505,-5.7832465,2.0277505,interferon induced transmembrane protein 2 [Source:HGNC Symbol;Acc:HGNC:5413]
29,TIMP1,-6.238672,-5.091603,1.5103116,TIMP metallopeptidase inhibitor 1 [Source:HGNC Symbol;Acc:HGNC:11820]
30,CENPF,-6.206443,-7.5316625,2.0996015,centromere protein F [Source:HGNC Symbol;Acc:HGNC:1857]
31,CRB2,-6.1879215,-5.66863,2.056202,crumbs cell polarity complex component 2 [Source:HGNC Symbol;Acc:HGNC:18688]
32,UBE2C,-6.1872616,-5.561348,1.8570031,ubiquitin conjugating enzyme E2 C [Source:HGNC Symbol;Acc:HGNC:15937]
33,MKI67,-6.1801224,-7.743349,2.0455332,marker of proliferation Ki-67 [Source:HGNC Symbol;Acc:HGNC:7107]
34,PDGFRA,-6.176738,-6.9648366,2.4515955,platelet derived growth factor receptor alpha [Source:HGNC Symbol;Acc:HGNC:8803]
35,CCNB1,-6.1035886,-5.8807874,1.6199152,cyclin B1 [Source:HGNC Symbol;Acc:HGNC:1579]
36,BIRC5,-6.085496,-6.7100205,1.6704161,baculoviral IAP repeat containing 5 [Source:HGNC Symbol;Acc:HGNC:593]
37,TMSB10,-6.083093,-3.8977265,1.5790374,thymosin beta 10 [Source:HGNC Symbol;Acc:HGNC:11879]
38,ARL6IP1,-6.0751348,-4.93864,1.8993759,ARL6 interacting reticulophagy regulator 1 [Source:HGNC Symbol;Acc:HGNC:697]
39,PDLIM2,-6.0709786,-6.656272,1.7277666,PDZ and LIM domain 2 [Source:HGNC Symbol;Acc:HGNC:13992]
40,MGARP,-6.0661287,-3.9050488,1.6485469,mitochondria localized glutamic acid rich protein [Source:HGNC Symbol;Acc:HGNC:29969]
41,CTSV,-5.9927244,-7.1121545,2.4010217,cathepsin V [Source:HGNC Symbol;Acc:HGNC:2538]
42,PITX2,-5.9902196,-2.2166479,1.5445857,paired like homeodomain 2 [Source:HGNC Symbol;Acc:HGNC:9005]
43,SPARC,-5.98003,-5.300386,2.5873718,secreted protein acidic and cysteine rich [Source:HGNC Symbol;Acc:HGNC:11219]
44,LRRTM3,5.9600854,5.98557,-1.7657046,leucine rich repeat transmembrane neuronal 3 [Source:HGNC Symbol;Acc:HGNC:19410]
45,COL5A1,-5.948798,-4.6611557,1.7258948,collagen type V alpha 1 chain [Source:HGNC Symbol;Acc:HGNC:2209]
46,KRT8,-5.8725634,-5.573095,1.8299893,keratin 8 [Source:HGNC Symbol;Acc:HGNC:6446]
47,TMSB4X,-5.856786,-1.8135674,1.850781,thymosin beta 4 X-linked [Source:HGNC Symbol;Acc:HGNC:11881]
48,ARL4C,-5.83013,-4.5669665,1.8955408,ARF like GTPase 4C [Source:HGNC Symbol;Acc:HGNC:698]
49,CENPW,-5.827762,-5.0407405,2.18504,centromere protein W [Source:HGNC Symbol;Acc:HGNC:21488]
50,CDK1,-5.8205576,-7.14677,2.2262828,cyclin dependent kinase 1 [Source:HGNC Symbol;Acc:HGNC:1722]
51,SFRP5,-5.8088903,-2.315198,2.1481905,secreted frizzled related protein 5 [Source:HGNC Symbol;Acc:HGNC:10779]
52,ANXA1,-5.792332,-6.839551,1.8522348,annexin A1 [Source:HGNC Symbol;Acc:HGNC:533]
53,IFITM3,-5.753257,-4.974412,2.2640152,interferon induced transmembrane protein 3 [Source:HGNC Symbol;Acc:HGNC:5414]
54,IL32,-5.7279005,-5.8263907,2.145211,interleukin 32 [Source:HGNC Symbol;Acc:HGNC:16830]
57,DUSP6,-5.7226152,-5.083187,2.586409,dual specificity phosphatase 6 [Source:HGNC Symbol;Acc:HGNC:3072]
59,TOP2A,-5.671992,-6.198762,2.4543395,DNA topoisomerase II alpha [Source:HGNC Symbol;Acc:HGNC:11989]
60,CCDC34,-5.6514015,-5.6501455,2.0905633,coiled-coil domain containing 34 [Source:HGNC Symbol;Acc:HGNC:25079]
61,PCLAF,-5.6470246,-6.588915,1.7300248,PCNA clamp associated factor [Source:HGNC Symbol;Acc:HGNC:28961]
62,TCEAL7,-5.641683,-2.4907446,1.531917,transcription elongation factor A like 7 [Source:HGNC Symbol;Acc:HGNC:28336]
63,RRM2,-5.627541,-6.651535,1.9795414,ribonucleotide reductase regulatory subunit M2 [Source:HGNC Symbol;Acc:HGNC:10452]
64,HAND1,-5.622616,-6.308009,1.9568945,heart and neural crest derivatives expressed 1 [Source:HGNC Symbol;Acc:HGNC:4807]
65,CENPE,-5.6207337,-4.790211,1.6377022,centromere protein E [Source:HGNC Symbol;Acc:HGNC:1856]
66,TPX2,-5.6162176,-5.4061484,1.7953374,TPX2 microtubule nucleation factor [Source:HGNC Symbol;Acc:HGNC:1249]
67,RGS4,-5.611254,-5.29298,2.7874022,regulator of G protein signaling 4 [Source:HGNC Symbol;Acc:HGNC:10000]
68,MEST,-5.569383,-4.3857183,2.8409584,mesoderm specific transcript [Source:HGNC Symbol;Acc:HGNC:7028]
69,SLC1A5,-5.5674586,-5.043357,1.8781935,solute carrier family 1 member 5 [Source:HGNC Symbol;Acc:HGNC:10943]
70,KRT19,-5.5425506,-7.947429,1.9451387,keratin 19 [Source:HGNC Symbol;Acc:HGNC:6436]
71,COLEC12,-5.5155163,-4.978608,1.6649736,collectin subfamily member 12 [Source:HGNC Symbol;Acc:HGNC:16016]
72,BCAT1,-5.5038733,-4.637383,2.2511501,branched chain amino acid transaminase 1 [Source:HGNC Symbol;Acc:HGNC:976]
73,SESN3,-5.4924874,-2.7527175,1.5574523,sestrin 3 [Source:HGNC Symbol;Acc:HGNC:23060]
74,EGFL7,-5.481892,-5.133096,1.8738433,EGF like domain multiple 7 [Source:HGNC Symbol;Acc:HGNC:20594]
75,TBX18,-5.4792037,-3.587035,3.1089451,T-box transcription factor 18 [Source:HGNC Symbol;Acc:HGNC:11595]
77,ARHGDIB,-5.4464746,-5.577556,2.2665095,Rho GDP dissociation inhibitor beta [Source:HGNC Symbol;Acc:HGNC:679]
78,CCN2,-5.44345,-3.138358,1.852438,cellular communication network factor 2 [Source:HGNC Symbol;Acc:HGNC:2500]
79,CDC20,-5.4363055,-4.678558,2.055136,cell division cycle 20 [Source:HGNC Symbol;Acc:HGNC:1723]
80,CXCL14,-5.419151,-5.8512034,3.5895028,C-X-C motif chemokine ligand 14 [Source:HGNC Symbol;Acc:HGNC:10640]
81,BST2,-5.417979,-5.6915445,3.016788,bone marrow stromal cell antigen 2 [Source:HGNC Symbol;Acc:HGNC:1119]
82,MRC2,-5.410978,-5.430966,1.6661537,mannose receptor C-type 2 [Source:HGNC Symbol;Acc:HGNC:16875]
83,NCAPG,-5.402738,-5.2885604,1.7827958,non-SMC condensin I complex subunit G [Source:HGNC Symbol;Acc:HGNC:24304]
84,MFAP2,-5.3985686,-3.9617422,2.2995915,microfibril associated protein 2 [Source:HGNC Symbol;Acc:HGNC:7033]
85,MAB21L2,-5.3897047,-3.0309348,3.0578115,mab-21 like 2 [Source:HGNC Symbol;Acc:HGNC:6758]
86,HMMR,-5.382376,-5.2903543,1.6449653,hyaluronan mediated motility receptor [Source:HGNC Symbol;Acc:HGNC:5012]
88,F2R,-5.367763,-4.28135,1.6645586,coagulation factor II thrombin receptor [Source:HGNC Symbol;Acc:HGNC:3537]
89,EMILIN1,-5.341902,-5.094626,3.1366715,elastin microfibril interfacer 1 [Source:HGNC Symbol;Acc:HGNC:19880]
90,COL1A2,-5.306356,-5.711369,3.5913346,collagen type I alpha 2 chain [Source:HGNC Symbol;Acc:HGNC:2198]
91,MARCKS,-5.2787933,-2.0466728,2.5641575,myristoylated alanine rich protein kinase C substrate [Source:HGNC Symbol;Acc:HGNC:6759]
92,IGFBP4,-5.275861,-4.387052,1.7552699,insulin like growth factor binding protein 4 [Source:HGNC Symbol;Acc:HGNC:5473]
93,NGFR,-5.247583,-4.240035,1.6267185,nerve growth factor receptor [Source:HGNC Symbol;Acc:HGNC:7809]
94,TWIST1,-5.23549,-4.2419004,1.9036278,twist family bHLH transcription factor 1 [Source:HGNC Symbol;Acc:HGNC:12428]
95,SH3BGRL3,-5.2007294,-3.168868,2.1364655,SH3 domain binding glutamate rich protein like 3 [Source:HGNC Symbol;Acc:HGNC:15568]
99,S100A11,-5.1289773,-4.4151754,2.7531462,S100 calcium binding protein A11 [Source:HGNC Symbol;Acc:HGNC:10488]
100,PTMA,-5.123186,-4.3553114,1.7928501,prothymosin alpha [Source:HGNC Symbol;Acc:HGNC:9623]
101,FBLN2,-5.1204553,-4.5705547,2.4625528,fibulin 2 [Source:HGNC Symbol;Acc:HGNC:3601]
102,COL1A1,-5.1187077,-6.738851,2.984922,collagen type I alpha 1 chain [Source:HGNC Symbol;Acc:HGNC:2197]
103,MXRA8,-5.114371,-6.0984697,2.6819143,matrix remodeling associated 8 [Source:HGNC Symbol;Acc:HGNC:7542]
104,MYRF,-5.112564,-5.393742,1.8443156,myelin regulatory factor [Source:HGNC Symbol;Acc:HGNC:1181]
106,RYR2,5.0938597,4.7715244,-2.4935663,ryanodine receptor 2 [Source:HGNC Symbol;Acc:HGNC:10484]
107,STAR,-5.085113,-3.1346867,2.568761,steroidogenic acute regulatory protein [Source:HGNC Symbol;Acc:HGNC:11359]
108,FTL,-5.080539,-4.0782123,1.9182804,ferritin light chain [Source:HGNC Symbol;Acc:HGNC:3999]
109,TNC,-5.076704,-4.7414236,2.9738808,tenascin C [Source:HGNC Symbol;Acc:HGNC:5318]
110,FST,-5.066825,-5.668123,1.9218147,follistatin [Source:HGNC Symbol;Acc:HGNC:3971]
111,EVA1B,-5.0404396,-4.082176,2.693833,eva-1 homolog B [Source:HGNC Symbol;Acc:HGNC:25558]
112,HAS2,-5.0277824,-5.634543,3.2627082,hyaluronan synthase 2 [Source:HGNC Symbol;Acc:HGNC:4819]
113,PHGDH,-5.027269,-4.4070716,2.685277,phosphoglycerate dehydrogenase [Source:HGNC Symbol;Acc:HGNC:8923]
114,RAMP2,-5.005653,-5.1158013,2.1481771,receptor activity modifying protein 2 [Source:HGNC Symbol;Acc:HGNC:9844]
115,BMP4,-5.005242,-5.193421,3.22554,bone morphogenetic protein 4 [Source:HGNC Symbol;Acc:HGNC:1071]
116,DLGAP5,-4.9836206,-4.7848454,2.1067448,DLG associated protein 5 [Source:HGNC Symbol;Acc:HGNC:16864]
117,ASPM,-4.9308896,-5.2784915,1.8827271,assembly factor for spindle microtubules [Source:HGNC Symbol;Acc:HGNC:19048]
118,TAGLN2,-4.908883,-3.860034,2.3502748,transgelin 2 [Source:HGNC Symbol;Acc:HGNC:11554]
119,IGDCC3,-4.8853574,-3.0874927,2.942045,immunoglobulin superfamily DCC subclass member 3 [Source:HGNC Symbol;Acc:HGNC:9700]
120,PLTP,-4.8821464,-3.6342564,2.250627,phospholipid transfer protein [Source:HGNC Symbol;Acc:HGNC:9093]
121,VTN,-4.851442,-4.7689734,1.801286,vitronectin [Source:HGNC Symbol;Acc:HGNC:12724]
122,CHD3,-4.8483377,-3.371068,1.7560111,chromodomain helicase DNA binding protein 3 [Source:HGNC Symbol;Acc:HGNC:1918]
123,FLT1,-4.812934,-4.4021397,1.9802446,fms related receptor tyrosine kinase 1 [Source:HGNC Symbol;Acc:HGNC:3763]
124,TM4SF1,-4.7781053,-5.76086,3.1028314,transmembrane 4 L six family member 1 [Source:HGNC Symbol;Acc:HGNC:11853]
125,MAF,-4.77786,-3.1061149,1.7539777,MAF bZIP transcription factor [Source:HGNC Symbol;Acc:HGNC:6776]
126,LOX,-4.767123,-5.874673,3.5018108,lysyl oxidase [Source:HGNC Symbol;Acc:HGNC:6664]
127,GSTA1,-4.7648416,-4.0578785,2.461096,glutathione S-transferase alpha 1 [Source:HGNC Symbol;Acc:HGNC:4626]
129,EFNB2,-4.7489295,-3.189231,2.0823905,ephrin B2 [Source:HGNC Symbol;Acc:HGNC:3227]
130,CD24,-4.74868,-4.6469207,1.9311147,CD24 molecule [Source:HGNC Symbol;Acc:HGNC:1645]
131,AMIGO2,-4.740724,-5.495186,3.5785627,adhesion molecule with Ig like domain 2 [Source:HGNC Symbol;Acc:HGNC:24073]
132,TUBB3,-4.737746,-4.647665,2.2108135,tubulin beta 3 class III [Source:HGNC Symbol;Acc:HGNC:20772]
134,KITLG,-4.7092505,-2.5964167,1.6381576,KIT ligand [Source:HGNC Symbol;Acc:HGNC:6343]
135,SNAI2,-4.7016025,-4.7982125,3.3109856,snail family transcriptional repressor 2 [Source:HGNC Symbol;Acc:HGNC:11094]
136,LRRN4,-4.67967,-5.438923,1.8159971,leucine rich repeat neuronal 4 [Source:HGNC Symbol;Acc:HGNC:16208]
137,AQP3,-4.6683083,-3.0937228,2.5036023,aquaporin 3 (Gill blood group) [Source:HGNC Symbol;Acc:HGNC:636]
138,SPRY4,-4.6677613,-2.7492495,1.8235872,sprouty RTK signaling antagonist 4 [Source:HGNC Symbol;Acc:HGNC:15533]
139,EIF4A1,-4.65432,-4.8526683,1.6825409,eukaryotic translation initiation factor 4A1 [Source:HGNC Symbol;Acc:HGNC:3282]
140,LMO2,-4.649721,-3.1627696,1.8214161,LIM domain only 2 [Source:HGNC Symbol;Acc:HGNC:6642]
141,ETV2,-4.6465654,-4.719253,1.7215434,ETS variant transcription factor 2 [Source:HGNC Symbol;Acc:HGNC:3491]
142,PCDH18,-4.618978,-2.6888616,3.7628958,protocadherin 18 [Source:HGNC Symbol;Acc:HGNC:14268]
143,SPP1,-4.6137815,-5.954737,3.0210307,secreted phosphoprotein 1 [Source:HGNC Symbol;Acc:HGNC:11255]
144,THY1,-4.6038117,-3.7232726,3.2671647,Thy-1 cell surface antigen [Source:HGNC Symbol;Acc:HGNC:11801]
145,FN1,-4.5933814,-5.548657,2.7927208,fibronectin 1 [Source:HGNC Symbol;Acc:HGNC:3778]
146,FXYD5,-4.5809016,-4.5317965,2.8224456,FXYD domain containing ion transport regulator 5 [Source:HGNC Symbol;Acc:HGNC:4029]
148,CAMK2N1,-4.574549,-1.7134643,2.0017238,calcium/calmodulin dependent protein kinase II inhibitor 1 [Source:HGNC Symbol;Acc:HGNC:24190]
149,CDH11,-4.5539117,-4.2120447,2.7311077,cadherin 11 [Source:HGNC Symbol;Acc:HGNC:1750]
150,CFI,-4.522139,-4.3499694,3.5577781,complement factor I [Source:HGNC Symbol;Acc:HGNC:5394]
152,IGFBP3,-4.4926224,-4.8368053,4.288042,insulin like growth factor binding protein 3 [Source:HGNC Symbol;Acc:HGNC:5472]
153,CKAP2L,-4.4392123,-4.102662,1.7336795,cytoskeleton associated protein 2 like [Source:HGNC Symbol;Acc:HGNC:26877]
154,NRARP,-4.4323125,-2.2146196,1.5715704,NOTCH regulated ankyrin repeat protein [Source:HGNC Symbol;Acc:HGNC:33843]
155,SOX4,-4.4285316,-2.7121964,1.95324,SRY-box transcription factor 4 [Source:HGNC Symbol;Acc:HGNC:11200]
156,FBLN1,-4.4234114,-4.305232,3.480451,fibulin 1 [Source:HGNC Symbol;Acc:HGNC:3600]
157,NUSAP1,-4.420626,-3.7984536,2.0895753,nucleolar and spindle associated protein 1 [Source:HGNC Symbol;Acc:HGNC:18538]
159,SGO2,-4.383983,-3.0778227,1.6254497,shugoshin 2 [Source:HGNC Symbol;Acc:HGNC:30812]
160,DDIT4,-4.369661,-4.093365,1.6796033,DNA damage inducible transcript 4 [Source:HGNC Symbol;Acc:HGNC:24944]
161,SAMD11,-4.3662257,-3.9315438,2.419264,sterile alpha motif domain containing 11 [Source:HGNC Symbol;Acc:HGNC:28706]
162,S100A10,-4.3548427,-4.88638,2.5055199,S100 calcium binding protein A10 [Source:HGNC Symbol;Acc:HGNC:10487]
163,ENC1,-4.3093305,-2.6757076,3.042111,ectodermal-neural cortex 1 [Source:HGNC Symbol;Acc:HGNC:3345]
164,DAB2,-4.2934537,-3.781206,2.4740953,DAB adaptor protein 2 [Source:HGNC Symbol;Acc:HGNC:2662]
165,FHL3,-4.2927012,-3.682668,1.9485457,four and a half LIM domains 3 [Source:HGNC Symbol;Acc:HGNC:3704]
166,HMGB2,-4.2888546,-3.401192,1.5399979,high mobility group box 2 [Source:HGNC Symbol;Acc:HGNC:5000]
167,PRTG,-4.277783,-3.9940279,2.8963304,protogenin [Source:HGNC Symbol;Acc:HGNC:26373]
168,TFPI2,-4.27712,-4.68471,2.0954978,tissue factor pathway inhibitor 2 [Source:HGNC Symbol;Acc:HGNC:11761]
170,GNG8,-4.2551622,-2.4644613,1.7924733,G protein subunit gamma 8 [Source:HGNC Symbol;Acc:HGNC:19664]
171,FRZB,-4.2540135,-2.798573,2.4636126,frizzled related protein [Source:HGNC Symbol;Acc:HGNC:3959]
172,GINS4,-4.2449036,-4.0924835,1.8623068,GINS complex subunit 4 [Source:HGNC Symbol;Acc:HGNC:28226]
174,FOXC2,-4.235163,-6.422861,3.1516228,forkhead box C2 [Source:HGNC Symbol;Acc:HGNC:3801]
175,COLEC11,-4.233407,-3.9581017,2.4848373,collectin subfamily member 11 [Source:HGNC Symbol;Acc:HGNC:17213]
176,COTL1,-4.220951,-2.6030905,1.9079714,coactosin like F-actin binding protein 1 [Source:HGNC Symbol;Acc:HGNC:18304]
177,IFI16,-4.218978,-4.9678555,3.1733837,interferon gamma inducible protein 16 [Source:HGNC Symbol;Acc:HGNC:5395]
178,FOXC1,-4.203552,-2.7073605,3.1947174,forkhead box C1 [Source:HGNC Symbol;Acc:HGNC:3800]
179,DKK1,-4.1977534,-3.4497383,2.3195798,dickkopf WNT signaling pathway inhibitor 1 [Source:HGNC Symbol;Acc:HGNC:2891]
182,LAMA2,4.1599317,3.7902744,-3.628409,laminin subunit alpha 2 [Source:HGNC Symbol;Acc:HGNC:6482]
183,AKAP12,-4.158931,-4.12733,2.0953517,A-kinase anchoring protein 12 [Source:HGNC Symbol;Acc:HGNC:370]
187,LUM,-4.1162987,-6.3054013,5.5096083,lumican [Source:HGNC Symbol;Acc:HGNC:6724]
188,PTPN13,-4.0881643,-2.4958906,2.1130674,protein tyrosine phosphatase non-receptor type 13 [Source:HGNC Symbol;Acc:HGNC:9646]
189,HELLS,-4.0626764,-3.9309783,2.0755274,"helicase, lymphoid specific [Source:HGNC Symbol;Acc:HGNC:4861]"
190,CTHRC1,-4.0592403,-3.8100348,2.3233716,collagen triple helix repeat containing 1 [Source:HGNC Symbol;Acc:HGNC:18831]
191,FBN1,-4.0577044,-3.0541835,3.5591476,fibrillin 1 [Source:HGNC Symbol;Acc:HGNC:3603]
192,RARRES2,-4.0459785,-1.6784694,2.423782,retinoic acid receptor responder 2 [Source:HGNC Symbol;Acc:HGNC:9868]
193,DLK1,-4.0417223,-3.5051062,3.6117165,delta like non-canonical Notch ligand 1 [Source:HGNC Symbol;Acc:HGNC:2907]
194,FZD7,-4.0416374,-3.9491038,1.7429451,frizzled class receptor 7 [Source:HGNC Symbol;Acc:HGNC:4045]
195,IER5L,-4.006907,-2.8713424,1.5856485,immediate early response 5 like [Source:HGNC Symbol;Acc:HGNC:23679]
196,SYT10,-4.0023813,-2.6717951,4.1104245,synaptotagmin 10 [Source:HGNC Symbol;Acc:HGNC:19266]
198,CCL21,-3.9799058,-2.4654796,2.0467577,C-C motif chemokine ligand 21 [Source:HGNC Symbol;Acc:HGNC:10620]
199,SHISA3,-3.9724815,-2.829146,4.596431,shisa family member 3 [Source:HGNC Symbol;Acc:HGNC:25159]
201,COL9A3,-3.954751,-4.028307,3.1928344,collagen type IX alpha 3 chain [Source:HGNC Symbol;Acc:HGNC:2219]
202,WT1,-3.9427216,-3.6327157,3.6086485,WT1 transcription factor [Source:HGNC Symbol;Acc:HGNC:12796]
205,PLCXD3,3.9194417,3.4281464,-3.0982487,phosphatidylinositol specific phospholipase C X domain containing 3 [Source:HGNC Symbol;Acc:HGNC:31822]
206,PLCG2,-3.892942,-2.5914643,1.6504704,phospholipase C gamma 2 [Source:HGNC Symbol;Acc:HGNC:9066]
208,APOC1,-3.882186,-4.3570614,2.5867243,apolipoprotein C1 [Source:HGNC Symbol;Acc:HGNC:607]
211,WFDC2,-3.8569458,-3.839846,2.130553,WAP four-disulfide core domain 2 [Source:HGNC Symbol;Acc:HGNC:15939]
213,BMPER,-3.8452754,-4.4495807,2.5453527,BMP binding endothelial regulator [Source:HGNC Symbol;Acc:HGNC:24154]
214,FOSB,-3.8380523,-4.119742,1.6632172,"FosB proto-oncogene, AP-1 transcription factor subunit [Source:HGNC Symbol;Acc:HGNC:3797]"
215,APLNR,-3.8149064,-5.8675957,4.9094253,apelin receptor [Source:HGNC Symbol;Acc:HGNC:339]
216,SEPTIN7,-3.813889,-3.440137,1.5835727,septin 7 [Source:HGNC Symbol;Acc:HGNC:1717]
217,PCDH17,-3.8127337,-2.252706,2.2426713,protocadherin 17 [Source:HGNC Symbol;Acc:HGNC:14267]
221,SPDL1,-3.7984738,-2.9720683,1.5804062,spindle apparatus coiled-coil protein 1 [Source:HGNC Symbol;Acc:HGNC:26010]
222,HAPLN1,-3.771482,-4.4657273,4.1905866,hyaluronan and proteoglycan link protein 1 [Source:HGNC Symbol;Acc:HGNC:2380]
223,FHL2,3.756458,1.7311655,-3.1970649,four and a half LIM domains 2 [Source:HGNC Symbol;Acc:HGNC:3703]
224,DTL,-3.7446737,-3.5253205,1.6099983,denticleless E3 ubiquitin protein ligase homolog [Source:HGNC Symbol;Acc:HGNC:30288]
225,GTSE1,-3.7021215,-2.760252,1.817919,G2 and S-phase expressed 1 [Source:HGNC Symbol;Acc:HGNC:13698]
226,EDN1,-3.7002103,-5.814013,2.5363069,endothelin 1 [Source:HGNC Symbol;Acc:HGNC:3176]
228,MGP,-3.6726923,-4.074604,4.563749,matrix Gla protein [Source:HGNC Symbol;Acc:HGNC:7060]
229,BAALC,-3.6726413,-1.6588085,2.8456507,BAALC binder of MAP3K1 and KLF4 [Source:HGNC Symbol;Acc:HGNC:14333]
233,TFPI,-3.5967686,-3.5168078,3.45314,tissue factor pathway inhibitor [Source:HGNC Symbol;Acc:HGNC:11760]
234,BGN,-3.5882328,-4.459767,4.1915965,biglycan [Source:HGNC Symbol;Acc:HGNC:1044]
235,SERPINE2,-3.5842903,-5.550438,3.6927598,serpin family E member 2 [Source:HGNC Symbol;Acc:HGNC:8951]
237,EIF2AK3-DT,-3.5500262,-3.8321724,1.9888556,EIF2AK3 divergent transcript [Source:HGNC Symbol;Acc:HGNC:54066]
238,CD9,-3.525231,-3.578819,2.3150184,CD9 molecule [Source:HGNC Symbol;Acc:HGNC:1709]
239,MT1F,-3.5181477,-2.588037,1.9908993,metallothionein 1F [Source:HGNC Symbol;Acc:HGNC:7398]
240,NR4A3,3.4766366,3.1998239,-1.6017674,nuclear receptor subfamily 4 group A member 3 [Source:HGNC Symbol;Acc:HGNC:7982]
241,PTGIS,-3.4655404,-3.0560048,3.9637926,prostaglandin I2 synthase [Source:HGNC Symbol;Acc:HGNC:9603]
243,OGFRL1,-3.4490438,-2.3528264,1.5213017,opioid growth factor receptor like 1 [Source:HGNC Symbol;Acc:HGNC:21378]
244,CCL2,-3.422937,-3.6417663,2.9216888,C-C motif chemokine ligand 2 [Source:HGNC Symbol;Acc:HGNC:10618]
245,LBR,-3.4160712,-1.7539524,1.629953,lamin B receptor [Source:HGNC Symbol;Acc:HGNC:6518]
248,RAB3B,-3.3964121,-2.4129274,1.788735,"RAB3B, member RAS oncogene family [Source:HGNC Symbol;Acc:HGNC:9778]"
249,ORC6,-3.378025,-2.5806074,1.8504055,origin recognition complex subunit 6 [Source:HGNC Symbol;Acc:HGNC:17151]
250,PCOLCE,-3.3692346,-3.6307185,2.527572,procollagen C-endopeptidase enhancer [Source:HGNC Symbol;Acc:HGNC:8738]
252,CPNE5,3.3373725,4.7178636,-2.2693224,copine 5 [Source:HGNC Symbol;Acc:HGNC:2318]
253,KIF20B,-3.3332422,-3.1344998,1.5779377,kinesin family member 20B [Source:HGNC Symbol;Acc:HGNC:7212]
254,LAMA1,-3.3106098,-2.8424857,1.946671,laminin subunit alpha 1 [Source:HGNC Symbol;Acc:HGNC:6481]
255,ITGA1,-3.2771952,-3.205837,2.362535,integrin subunit alpha 1 [Source:HGNC Symbol;Acc:HGNC:6134]
257,COL6A3,-3.2704644,-3.713183,4.42003,collagen type VI alpha 3 chain [Source:HGNC Symbol;Acc:HGNC:2213]
258,MCM7,-3.2616334,-3.0308654,1.6784732,minichromosome maintenance complex component 7 [Source:HGNC Symbol;Acc:HGNC:6950]
261,COL6A2,-3.2363427,-4.2557106,2.5795848,collagen type VI alpha 2 chain [Source:HGNC Symbol;Acc:HGNC:2212]
263,SYNPO2,3.2243764,2.4818609,-1.6024146,synaptopodin 2 [Source:HGNC Symbol;Acc:HGNC:17732]
264,PLAC9,-3.2201192,-4.4567733,3.4489267,placenta associated 9 [Source:HGNC Symbol;Acc:HGNC:19255]
265,TGFBI,-3.2145875,-3.5552456,4.3183312,transforming growth factor beta induced [Source:HGNC Symbol;Acc:HGNC:11771]
266,LRP2,-3.2024958,-2.339914,3.1873505,LDL receptor related protein 2 [Source:HGNC Symbol;Acc:HGNC:6694]
269,CCDC183,-3.1341863,-2.4199517,1.6885086,coiled-coil domain containing 183 [Source:HGNC Symbol;Acc:HGNC:28236]
270,RGCC,-3.1027434,-3.040603,2.3103995,regulator of cell cycle [Source:HGNC Symbol;Acc:HGNC:20369]
272,SP6,-3.0908728,-3.4712281,1.7021146,Sp6 transcription factor [Source:HGNC Symbol;Acc:HGNC:14530]
274,GBP2,-3.0430071,-2.9824164,2.6032517,guanylate binding protein 2 [Source:HGNC Symbol;Acc:HGNC:4183]
275,PENK,-3.0381486,-2.2660003,2.8894594,proenkephalin [Source:HGNC Symbol;Acc:HGNC:8831]
276,PTPRZ1,-3.0270102,-2.4014902,2.759503,protein tyrosine phosphatase receptor type Z1 [Source:HGNC Symbol;Acc:HGNC:9685]
278,NTS,-3.0082402,-2.5309396,4.737803,neurotensin [Source:HGNC Symbol;Acc:HGNC:8038]
280,EPHB2,-2.9846988,-1.7576517,1.9794338,EPH receptor B2 [Source:HGNC Symbol;Acc:HGNC:3393]
281,PARPBP,-2.9845395,-2.1001043,2.0607285,PARP1 binding protein [Source:HGNC Symbol;Acc:HGNC:26074]
282,PHLDA1,-2.9650042,-2.109779,2.071726,pleckstrin homology like domain family A member 1 [Source:HGNC Symbol;Acc:HGNC:8933]
283,KCNQ1OT1,-2.953227,-2.3072913,1.7816097,KCNQ1 opposite strand/antisense transcript 1 [Source:HGNC Symbol;Acc:HGNC:6295]
284,SPHKAP,2.9248617,2.4655287,-4.5504007,"SPHK1 interactor, AKAP domain containing [Source:HGNC Symbol;Acc:HGNC:30619]"
287,ACTG2,-2.913021,-1.5932078,3.4643147,"actin gamma 2, smooth muscle [Source:HGNC Symbol;Acc:HGNC:145]"
290,PLAT,-2.8883228,-2.7408037,3.6515589,"plasminogen activator, tissue type [Source:HGNC Symbol;Acc:HGNC:9051]"
291,FANCG,-2.8616016,-1.8551108,1.7486635,FA complementation group G [Source:HGNC Symbol;Acc:HGNC:3588]
292,EPB41L2,-2.8463478,-2.6451237,2.9540915,erythrocyte membrane protein band 4.1 like 2 [Source:HGNC Symbol;Acc:HGNC:3379]
293,GBP1,-2.8452861,-2.1850646,1.8456639,guanylate binding protein 1 [Source:HGNC Symbol;Acc:HGNC:4182]
294,COL6A1,-2.8287792,-2.872036,2.2304432,collagen type VI alpha 1 chain [Source:HGNC Symbol;Acc:HGNC:2211]
295,KNL1,-2.7918687,-2.1488624,1.6416804,kinetochore scaffold 1 [Source:HGNC Symbol;Acc:HGNC:24054]
296,PFKFB4,-2.788683,-2.035278,1.5836887,"6-phosphofructo-2-kinase/fructose-2,6-biphosphatase 4 [Source:HGNC Symbol;Acc:HGNC:8875]"
297,GPC3,-2.7727365,-2.1849172,3.02204,glypican 3 [Source:HGNC Symbol;Acc:HGNC:4451]
298,CXCL3,-2.7723076,-2.2931213,2.2750795,C-X-C motif chemokine ligand 3 [Source:HGNC Symbol;Acc:HGNC:4604]
303,KRT7,-2.7411053,-3.0102127,2.3810785,keratin 7 [Source:HGNC Symbol;Acc:HGNC:6445]
304,SBSPON,-2.7357621,-2.2351449,2.5819454,somatomedin B and thrombospondin type 1 domain containing [Source:HGNC Symbol;Acc:HGNC:30362]
305,RCAN2,2.7277584,2.4927964,-2.945513,regulator of calcineurin 2 [Source:HGNC Symbol;Acc:HGNC:3041]
306,TACC3,-2.7043335,-1.6041797,1.9524612,transforming acidic coiled-coil containing protein 3 [Source:HGNC Symbol;Acc:HGNC:11524]
307,EZH2,-2.696296,-2.0965438,1.8897511,enhancer of zeste 2 polycomb repressive complex 2 subunit [Source:HGNC Symbol;Acc:HGNC:3527]
309,KLF2,-2.684575,-3.4122026,1.6928948,KLF transcription factor 2 [Source:HGNC Symbol;Acc:HGNC:6347]
311,SLC8A1,2.6530392,2.522375,-1.9935005,solute carrier family 8 member A1 [Source:HGNC Symbol;Acc:HGNC:11068]
314,ATP2B1,-2.6238205,-1.9892957,2.0297742,ATPase plasma membrane Ca2+ transporting 1 [Source:HGNC Symbol;Acc:HGNC:814]
315,STAC,-2.6082091,-2.0497563,1.96735,SH3 and cysteine rich domain [Source:HGNC Symbol;Acc:HGNC:11353]
316,ITIH2,2.604272,2.8863666,-1.5933346,inter-alpha-trypsin inhibitor heavy chain 2 [Source:HGNC Symbol;Acc:HGNC:6167]
319,SEPTIN11,-2.5628626,-1.8942167,2.3492045,septin 11 [Source:HGNC Symbol;Acc:HGNC:25589]
320,PCDH10,-2.539218,-4.068335,3.6962762,protocadherin 10 [Source:HGNC Symbol;Acc:HGNC:13404]
321,FAM107B,-2.5243835,-1.8854544,2.4208229,family with sequence similarity 107 member B [Source:HGNC Symbol;Acc:HGNC:23726]
324,PRIM1,-2.4619057,-2.393919,2.0984945,DNA primase subunit 1 [Source:HGNC Symbol;Acc:HGNC:9369]
325,LZTS1,-2.4530203,-2.075525,3.8812163,leucine zipper tumor suppressor 1 [Source:HGNC Symbol;Acc:HGNC:13861]
326,C21orf58,-2.4448473,-1.8500333,1.7689725,chromosome 21 open reading frame 58 [Source:HGNC Symbol;Acc:HGNC:1300]
328,IER2,-2.4305723,-2.1819794,1.7246865,immediate early response 2 [Source:HGNC Symbol;Acc:HGNC:28871]
331,DSC2,-2.4055684,-1.93638,1.9859737,desmocollin 2 [Source:HGNC Symbol;Acc:HGNC:3036]
332,MYBPC3,2.376546,2.071832,-4.07001,myosin binding protein C3 [Source:HGNC Symbol;Acc:HGNC:7551]
333,DYSF,2.3722486,2.3192763,-2.2418973,dysferlin [Source:HGNC Symbol;Acc:HGNC:3097]
335,SORBS2,2.34903,1.8288095,-3.0547712,sorbin and SH3 domain containing 2 [Source:HGNC Symbol;Acc:HGNC:24098]
339,KCNIP2,2.3285768,2.8453224,-1.8362035,potassium voltage-gated channel interacting protein 2 [Source:HGNC Symbol;Acc:HGNC:15522]
340,G6PD,-2.319825,-1.8048015,1.7155218,glucose-6-phosphate dehydrogenase [Source:HGNC Symbol;Acc:HGNC:4057]
341,PODXL,-2.3130085,-2.4847152,2.661721,podocalyxin like [Source:HGNC Symbol;Acc:HGNC:9171]
343,EGR3,-2.221303,-2.1350284,2.8134973,early growth response 3 [Source:HGNC Symbol;Acc:HGNC:3240]
347,VAMP8,-2.1885917,-2.6647172,1.5261035,vesicle associated membrane protein 8 [Source:HGNC Symbol;Acc:HGNC:12647]
348,CCNF,-2.1871486,-2.102374,1.77669,cyclin F [Source:HGNC Symbol;Acc:HGNC:1591]
349,CYP1B1,-2.184862,-1.96838,4.350842,cytochrome P450 family 1 subfamily B member 1 [Source:HGNC Symbol;Acc:HGNC:2597]
351,ADCY5,2.154366,2.2557273,-2.9509366,adenylate cyclase 5 [Source:HGNC Symbol;Acc:HGNC:236]
352,HLX,-2.1460109,-2.0779328,3.9925008,H2.0 like homeobox [Source:HGNC Symbol;Acc:HGNC:4978]
353,MEGF6,-2.1433363,-1.5316474,1.5988171,multiple EGF like domains 6 [Source:HGNC Symbol;Acc:HGNC:3232]
357,PPP1R12B,2.078759,2.2933033,-1.9869051,protein phosphatase 1 regulatory subunit 12B [Source:HGNC Symbol;Acc:HGNC:7619]
359,ART5,-2.0532596,-1.5734493,3.486112,ADP-ribosyltransferase 5 [Source:HGNC Symbol;Acc:HGNC:24049]
360,LEPR,-2.0446806,-1.9247999,1.6749815,leptin receptor [Source:HGNC Symbol;Acc:HGNC:6554]
362,PPP1R3A,1.9271988,2.2434711,-5.6882772,protein phosphatase 1 regulatory subunit 3A [Source:HGNC Symbol;Acc:HGNC:9291]
367,GFPT2,-1.8369576,-1.7959795,1.8078353,glutamine-fructose-6-phosphate transaminase 2 [Source:HGNC Symbol;Acc:HGNC:4242]
368,MICAL1,-1.8336133,-1.6822604,1.9790202,"microtubule associated monooxygenase, calponin and LIM domain containing 1 [Source:HGNC Symbol;Acc:HGNC:20619]"
369,SOX17,-1.7644767,-3.2450604,2.3875504,SRY-box transcription factor 17 [Source:HGNC Symbol;Acc:HGNC:18122]
370,MIR133A1HG,1.6852484,2.2469969,-2.1199925,MIR133A1 host gene [Source:HGNC Symbol;Acc:HGNC:49594]
371,KCNK6,-1.6835706,-2.4945292,2.571048,potassium two pore domain channel subfamily K member 6 [Source:HGNC Symbol;Acc:HGNC:6281]
372,LDB3,1.6826973,1.6006937,-3.851987,LIM domain binding 3 [Source:HGNC Symbol;Acc:HGNC:15710]
373,SEMA3D,-1.6819882,-1.8420994,1.758391,semaphorin 3D [Source:HGNC Symbol;Acc:HGNC:10726]
374,FSD2,1.6615247,1.9330271,-3.075191,fibronectin type III and SPRY domain containing 2 [Source:HGNC Symbol;Acc:HGNC:18024]
380,A2M,1.5167352,2.9472322,-2.3853056,alpha-2-macroglobulin [Source:HGNC Symbol;Acc:HGNC:7]
